[
            {
                "constant": true,
                "inputs": [],
                "name": "name",
                "outputs": [{"name": "", "type": "string"}],
                "payable": false,
                "stateMutability": "view",
                "type": "function"
            },
            {
                "constant": true,
                "inputs": [],
                "name": "symbol",
                "outputs": [{"name": "", "type": "string"}],
                "payable": false,
                "stateMutability": "view",
                "type": "function"
            },
            {
                "constant": true,
                "inputs": [],
                "name": "decimals",
                "outputs": [{"name": "", "type": "uint8"}],
                "payable": false,
                "stateMutability": "view",
                "type": "function"
            },
            {
                "constant": true,
                "inputs": [{"name": "owner", "type": "address"}],
                "name": "balanceOf",
                "outputs": [{"name": "", "type": "uint256"}],
                "payable": false,
                "stateMutability": "view",
                "type": "function"
            },
            {
                "constant": false,
                "inputs": [
                    {"name": "to", "type": "address"},
                    {"name": "value", "type": "uint256"}
                ],
                "name": "transfer",
                "outputs": [{"name": "", "type": "bool"}],
                "payable": false,
                "stateMutability": "nonpayable",
                "type": "function"
            },
            {
                "constant": true,
                "inputs": [
                    {"name": "owner", "type": "address"},
                    {"name": "spender", "type": "address"}
                ],
                "name": "allowance",
                "outputs": [{"name": "", "type": "uint256"}],
                "payable": false,
                "stateMutability": "view",
                "type": "function"
            },
            {
                "constant": false,
                "inputs": [
                    {"name": "spender", "type": "address"},
                    {"name": "value", "type": "uint256"}
                ],
                "name": "approve",
                "outputs": [{"name": "", "type": "bool"}],
                "payable": false,
                "stateMutability": "nonpayable",
                "type": "function"
            }
        ]